"Timestamp","Enter Your Name ","Enter Your Mobile Number","1. How often do you use Google Maps?","2. What do you mainly use Google Maps for?","3. How Accurate do you find Google Maps locations?","4. How easy is it to use Google Maps?","5. Which feature do you use the most?","6. How satisfied are you with Google Maps suggestions?","7. How often do you use Google Maps for exploring new places?","8. Which device do you mainly use Google Maps on?","9. How likely are you to recommend Google Maps to others?","10. How helpful is Google Maps for daily commuting?","11. Do you use Google Maps offline?","12. How often do you use Google Maps for public transport routes?","13. How often do you check traffic updates on Google Maps?","14. How useful is the Street View feature for you?","15. How often do you use Google Maps for finding restaurants or cafes?","16. How often do you use Google Maps for shopping locations?","17. How helpful are Google Maps reviews for you?","18. How often do you use Google Maps to plan trips?","19. Do you rely on Google Maps for estimated travel time?","20. How accurate is Google Maps traffic prediction?","21. What is Google Maps primarily used for?","22. Which company developed Google Maps?  ","23. What type of data does Google Maps NOT provide?  ","24.What is the maximum zoom level typically available in Google Maps?  ","25. Google Maps can be used for which of these business applications?  ","26.What feature helps users find nearby restaurants, stations, or hospitals in Google Maps?  ","27.Which of the following is NOT a supported mode of transportation in Google Maps directions?  ","28. What type of views can you see in Google Maps?","29. What is ""Street View"" in Google Maps?","30. Which of these devices can you use to access Google Maps?","31. What does the blue dot represent in Google Maps?","32. What does the yellow ""Pegman"" icon in Google Maps do?","33. Can you save a location in Google Maps for offline use?","34. Which of these is NOT a Google Maps feature?","35. What does a grey route on Google Maps indicate?","36. Can you contribute reviews and photos to places on Google Maps?","37. What kind of transportation modes does Google Maps support?","38. Which layer in Google Maps helps you see traffic conditions?","39. How much do you trust Google Maps directions?","40. Would you like Google Maps to include more local recommendations?"
"2025/09/28 1:51:49 am GMT-6","Omaa","9356716544","A) Daily","A) Finding directions","B) Mostly accurate","B) Easy","D) Traffic updates","D)  Dissatisfied","D) Never","D) All of these","C) Neutral","D) Not very helpful","A) Yes","B) Sometimes","B) Sometimes","A) Very useful","B) Sometimes","B) Sometimes","D) Not helpful","B) Sometimes","A) Always","A) Very accurate","D) Online Shopping","D) IBM","D) Traffic conditions","B) 15","B) Location-based marketing","B) Timeline","A) Walking","A)  Satellite view","A) A list of all streets","A)  Smartphone","A)  Your destination","B)  Changes the map color","A)  Yes","A)  Location sharing","A)  No internet","A)  Yes","B)  Walking","C)  Traffic","D) Slightly","C) Maybe"
"2025/09/28 2:12:04 am GMT-6","Sai Koli ","7507072576","B) 2–3 times a week","A) Finding directions","A) Very accurate","B) Easy","A) Navigation","A) Very satisfied","B) Sometimes","A) Mobile phone","A) Very likely","B) Helpful","A) Yes","C) Rarely","B) Sometimes","B) Useful","C) Rarely","B) Sometimes","B) Helpful","C) Rarely","C) Rarely","B) Mostly accurate","B) Navigation and Mapping","B) Google","C) Real-time weather forecasting","C) 21","C) Customer mapping","A) Places Search","C) Flying","D)  All of the above","B)  A 360-degree photographic view from street level","A)  Smartphone","C)  Your current location","C)  Activates Street View","A)  Yes","C)  Sending emails","B)  Suggested alternate route","A)  Yes","A)  Driving","C)  Traffic","B) Mostly","A) Yes"
"2025/09/29 6:43:56 am GMT-6","Vinay Tejpal Patil ","8308494326","B) 2–3 times a week","A) Finding directions","B) Mostly accurate","B) Easy","D) Traffic updates","B) Satisfied","B) Sometimes","D) All of these","A) Very likely","B) Helpful","B) No","B) Sometimes","B) Sometimes","B) Useful","B) Sometimes","D) Never","B) Helpful","C) Rarely","B) Sometimes","C) Sometimes accurate","B) Navigation and Mapping","B) Google","A) Satellite imagery","A) 10","B) Location-based marketing","A) Places Search","B) Driving","C)  Street view","B)  A 360-degree photographic view from street level","B)  Tablet","A)  Your destination","A)  Shows traffic","B)  No","C)  Sending emails","B)  Suggested alternate route","B)  No","D)  All of the above","A)  Terrain","A) Completely","A) Yes"
"2025/09/29 6:44:37 am GMT-6","Ishwari virendra pardeshi ","9923114806","D)  Rarely","A) Finding directions","B) Mostly accurate","B) Easy","C) Satellite view","C) Neutral","C) Rarely","C) Computer/Laptop","D) Unlikely","C) Neutral","B) No","D) Never","D) Never","C) Neutral","D) Never","B) Sometimes","C) Neutral","C) Rarely","D) Never","C) Sometimes accurate","D) Online Shopping","B) Google","B) Street views","D) 30","D) All of the above","C) Street View","B) Driving","D)  All of the above","C)  A satellite image of a street","D)  All of the above","B)  Your starting point","B)  Changes the map color","B)  No","A)  Location sharing","A)  No internet","A)  Yes","A)  Driving","C)  Traffic","C) Neutral","C) Maybe"
"2025/09/29 6:45:51 am GMT-6","Gayatri Talele ","7841823685","D)  Rarely","A) Finding directions","B) Mostly accurate","A) Very easy","D) Traffic updates","A) Very satisfied","B) Sometimes","A) Mobile phone","A) Very likely","A) Extremely helpful","B) No","A) Always","C) Rarely","B) Useful","C) Rarely","C) Rarely","B) Helpful","C) Rarely","C) Rarely","B) Mostly accurate","C) Social Networking","B) Google","B) Street views","A) 10","B) Location-based marketing","B) Timeline","B) Driving","B)  Terrain view","B)  A 360-degree photographic view from street level","C)  Computer","B)  Your starting point","B)  Changes the map color","C)  Only on Android","B)  Route planning","B)  Suggested alternate route","B)  No","B)  Walking","B)  Transit","B) Mostly","A) Yes"
"2025/09/29 6:46:17 am GMT-6","Nikita","7030298146","A) Daily","A) Finding directions","A) Very accurate","A) Very easy","A) Navigation","B) Satisfied","B) Sometimes","A) Mobile phone","B) Likely","B) Helpful","A) Yes","B) Sometimes","B) Sometimes","B) Useful","B) Sometimes","A) Always","A) Very helpful","A) Always","B) Sometimes","B) Mostly accurate","B) Navigation and Mapping","B) Google","C) Real-time weather forecasting","B) 15","B) Location-based marketing","C) Street View","C) Flying","D)  All of the above","B)  A 360-degree photographic view from street level","D)  All of the above","C)  Your current location","B)  Changes the map color","A)  Yes","C)  Sending emails","C)  Best route","A)  Yes","C)  Public transport","C)  Traffic","B) Mostly","A) Yes"
"2025/09/29 6:51:22 am GMT-6","Komal mahale ","7387110582","A) Daily","D) Finding local businesses","A) Very accurate","B) Easy","A) Navigation","B) Satisfied","A) Always","D) All of these","C) Neutral","C) Neutral","A) Yes","D) Never","B) Sometimes","C) Neutral","B) Sometimes","A) Always","B) Helpful","A) Always","A) Always","A) Very accurate","B) Navigation and Mapping","B) Google","B) Street views","D) 30","B) Location-based marketing","A) Places Search","D) Cycling","B)  Terrain view","B)  A 360-degree photographic view from street level","A)  Smartphone","B)  Your starting point","B)  Changes the map color","C)  Only on Android","C)  Sending emails","C)  Best route","B)  No","B)  Walking","B)  Transit","B) Mostly","C) Maybe"
"2025/09/29 6:52:56 am GMT-6","Vishakha Vinod mahajan ","9579192676","A) Daily","A) Finding directions","B) Mostly accurate","C) Neutral","C) Satellite view","B) Satisfied","B) Sometimes","C) Computer/Laptop","C) Neutral","A) Extremely helpful","A) Yes","A) Always","B) Sometimes","A) Very useful","A) Daily","A) Always","A) Very helpful","B) Sometimes","B) Sometimes","A) Very accurate","C) Social Networking","B) Google","B) Street views","B) 15","C) Customer mapping","C) Street View","C) Flying","C)  Street view","A) A list of all streets","C)  Computer","C)  Your current location","C)  Activates Street View","C)  Only on Android","C)  Sending emails","B)  Suggested alternate route","C) Only business owners","","C)  Traffic","C) Neutral","B) No"
"2025/09/29 6:57:13 am GMT-6","Pranita Yogesh Bari ","8446082788","C) Once a week","C) Exploring places","C) Sometimes inaccurate","A) Very easy","B)  Street View","A) Very satisfied","A) Always","A) Mobile phone","B) Likely","B) Helpful","B) No","B) Sometimes","C) Rarely","B) Useful","C) Rarely","C) Rarely","B) Helpful","B) Sometimes","B) Sometimes","B) Mostly accurate","B) Navigation and Mapping","B) Google","A) Satellite imagery","B) 15","C) Customer mapping","C) Street View","C) Flying","C)  Street view","A) A list of all streets","D)  All of the above","C)  Your current location","C)  Activates Street View","B)  No","C)  Sending emails","B)  Suggested alternate route","A)  Yes","D)  All of the above","A)  Terrain","B) Mostly","A) Yes"
"2025/09/29 7:03:34 am GMT-6","Meghana mahajan","8767051127","A) Daily","A) Finding directions","A) Very accurate","A) Very easy","A) Navigation","A) Very satisfied","A) Always","A) Mobile phone","A) Very likely","A) Extremely helpful","A) Yes","A) Always","A) Daily","A) Very useful","A) Daily","A) Always","A) Very helpful","A) Always","A) Always","A) Very accurate","A)Video Streaming","A) Microsoft","A) Satellite imagery","A) 10","A) Fleet tracking","A) Places Search","A) Walking","A)  Satellite view","A) A list of all streets","A)  Smartphone","A)  Your destination","A)  Shows traffic","A)  Yes","A)  Location sharing","A)  No internet","A)  Yes","A)  Driving","A)  Terrain","A) Completely","A) Yes"
"2025/09/29 7:09:25 am GMT-6","Gaurav Solanki ","6352927477","B) 2–3 times a week","A) Finding directions","A) Very accurate","A) Very easy","A) Navigation","B) Satisfied","B) Sometimes","A) Mobile phone","B) Likely","B) Helpful","B) No","A) Always","B) Sometimes","B) Useful","A) Daily","B) Sometimes","B) Helpful","B) Sometimes","B) Sometimes","A) Very accurate","B) Navigation and Mapping","B) Google","C) Real-time weather forecasting","B) 15","D) All of the above","A) Places Search","B) Driving","D)  All of the above","B)  A 360-degree photographic view from street level","D)  All of the above","C)  Your current location","A)  Shows traffic","B)  No","C)  Sending emails","B)  Suggested alternate route","A)  Yes","D)  All of the above","C)  Traffic","C) Neutral","A) Yes"
"2025/09/29 7:13:32 am GMT-6","Hemal khushal mahajan","8530321016","D)  Rarely","A) Finding directions","B) Mostly accurate","B) Easy","A) Navigation","B) Satisfied","C) Rarely","A) Mobile phone","B) Likely","B) Helpful","B) No","D) Never","D) Never","C) Neutral","D) Never","D) Never","B) Helpful","D) Never","B) Sometimes","D) Not accurate","B) Navigation and Mapping","B) Google","C) Real-time weather forecasting","C) 21","D) All of the above","A) Places Search","C) Flying","D)  All of the above","B)  A 360-degree photographic view from street level","A)  Smartphone","C)  Your current location","C)  Activates Street View","A)  Yes","B)  Route planning","A)  No internet","D)  Only Google employees","A)  Driving","C)  Traffic","C) Neutral","A) Yes"
"2025/09/29 7:27:02 am GMT-6","Nisarga Patil","7769013325","D)  Rarely","A) Finding directions","A) Very accurate","B) Easy","A) Navigation","B) Satisfied","A) Always","D) All of these","B) Likely","B) Helpful","B) No","C) Rarely","D) Never","C) Neutral","C) Rarely","C) Rarely","C) Neutral","C) Rarely","B) Sometimes","B) Mostly accurate","B) Navigation and Mapping","B) Google","C) Real-time weather forecasting","C) 21","D) All of the above","A) Places Search","C) Flying","D)  All of the above","B)  A 360-degree photographic view from street level","D)  All of the above","C)  Your current location","C)  Activates Street View","A)  Yes","C)  Sending emails","B)  Suggested alternate route","A)  Yes","D)  All of the above","C)  Traffic","C) Neutral","B) No"
"2025/09/29 7:30:43 am GMT-6","Yash Ganesh Chavan ","8600394835","D)  Rarely","C) Exploring places","B) Mostly accurate","B) Easy","A) Navigation","B) Satisfied","A) Always","A) Mobile phone","C) Neutral","B) Helpful","B) No","B) Sometimes","C) Rarely","B) Useful","C) Rarely","D) Never","B) Helpful","A) Always","B) Sometimes","B) Mostly accurate","B) Navigation and Mapping","B) Google","C) Real-time weather forecasting","A) 10","B) Location-based marketing","C) Street View","C) Flying","D)  All of the above","A) A list of all streets","A)  Smartphone","C)  Your current location","C)  Activates Street View","B)  No","C)  Sending emails","B)  Suggested alternate route","A)  Yes","D)  All of the above","C)  Traffic","B) Mostly","A) Yes"
"2025/09/29 7:33:02 am GMT-6","Nitisha ","Patil ","C) Once a week","B) Checking traffic","B) Mostly accurate","B) Easy","C) Satellite view","B) Satisfied","B) Sometimes","A) Mobile phone","B) Likely","A) Extremely helpful","A) Yes","B) Sometimes","B) Sometimes","A) Very useful","A) Daily","A) Always","A) Very helpful","C) Rarely","D) Never","C) Sometimes accurate","C) Social Networking","B) Google","B) Street views","B) 15","A) Fleet tracking","B) Timeline","A) Walking","B)  Terrain view","A) A list of all streets","B)  Tablet","B)  Your starting point","B)  Changes the map color","B)  No","B)  Route planning","A)  No internet","B)  No","A)  Driving","C)  Traffic","B) Mostly","C) Maybe"
"2025/09/29 7:39:28 am GMT-6","Pooja dhanraj nemade ","9270014192","A) Daily","C) Exploring places","A) Very accurate","D) Difficult","B)  Street View","B) Satisfied","D) Never","A) Mobile phone","D) Unlikely","D) Not very helpful","A) Yes","C) Rarely","B) Sometimes","A) Very useful","D) Never","C) Rarely","C) Neutral","A) Always","B) Sometimes","","A)Video Streaming","D) IBM","B) Street views","A) 10","A) Fleet tracking","D) Satellite View","B) Driving","A)  Satellite view","D)  A traffic report","B)  Tablet","A)  Your destination","D)  Shows nearby restaurants","","","A)  No internet","C) Only business owners","B)  Walking","D)  Weather","A) Completely","B) No"
"2025/09/29 7:43:43 am GMT-6","Chaitanya Vishwanath Chandelkar ","8767012072","B) 2–3 times a week","A) Finding directions","B) Mostly accurate","C) Neutral","C) Satellite view","C) Neutral","B) Sometimes","A) Mobile phone","C) Neutral","B) Helpful","A) Yes","D) Never","B) Sometimes","C) Neutral","A) Daily","A) Always","C) Neutral","B) Sometimes","C) Rarely","B) Mostly accurate","C) Social Networking","C) Apple","B) Street views","B) 15","C) Customer mapping","A) Places Search","B) Driving","B)  Terrain view","B)  A 360-degree photographic view from street level","C)  Computer","C)  Your current location","A)  Shows traffic","B)  No","A)  Location sharing","D) Closed road","B)  No","B)  Walking","C)  Traffic","C) Neutral","B) No"
"2025/09/29 8:11:54 am GMT-6","Damini Prakash Patil ","7020433993","A) Daily","A) Finding directions","B) Mostly accurate","A) Very easy","B)  Street View","B) Satisfied","A) Always","A) Mobile phone","C) Neutral","B) Helpful","B) No","B) Sometimes","A) Daily","B) Useful","C) Rarely","B) Sometimes","B) Helpful","C) Rarely","C) Rarely","A) Very accurate","C) Social Networking","B) Google","","C) 21","B) Location-based marketing","C) Street View","B) Driving","A)  Satellite view","C)  A satellite image of a street","A)  Smartphone","B)  Your starting point","C)  Activates Street View","A)  Yes","B)  Route planning","A)  No internet","C) Only business owners","C)  Public transport","A)  Terrain","","A) Yes"
"2025/09/29 8:39:25 am GMT-6","Gayatri Devidas Kakade","7841892324","C) Once a week","A) Finding directions","C) Sometimes inaccurate","C) Neutral","C) Satellite view","B) Satisfied","C) Rarely","A) Mobile phone","A) Very likely","D) Not very helpful","A) Yes","A) Always","B) Sometimes","C) Neutral","B) Sometimes","B) Sometimes","A) Very helpful","C) Rarely","C) Rarely","C) Sometimes accurate","B) Navigation and Mapping","B) Google","C) Real-time weather forecasting","C) 21","B) Location-based marketing","A) Places Search","C) Flying","A)  Satellite view","C)  A satellite image of a street","A)  Smartphone","C)  Your current location","C)  Activates Street View","C)  Only on Android","B)  Route planning","B)  Suggested alternate route","B)  No","C)  Public transport","C)  Traffic","A) Completely","C) Maybe"
"2025/09/29 8:57:56 am GMT-6","Lutuja bhangale","8698335048","C) Once a week","A) Finding directions","A) Very accurate","C) Neutral","D) Traffic updates","A) Very satisfied","A) Always","A) Mobile phone","B) Likely","B) Helpful","B) No","A) Always","B) Sometimes","B) Useful","B) Sometimes","D) Never","B) Helpful","A) Always","B) Sometimes","A) Very accurate","B) Navigation and Mapping","A) Microsoft","A) Satellite imagery","A) 10","B) Location-based marketing","C) Street View","C) Flying","D)  All of the above","C)  A satellite image of a street","A)  Smartphone","A)  Your destination","A)  Shows traffic","B)  No","A)  Location sharing","A)  No internet","A)  Yes","D)  All of the above","C)  Traffic","A) Completely","A) Yes"
"2025/09/29 9:10:05 am GMT-6","Deevita ","990446999","B) 2–3 times a week","A) Finding directions","B) Mostly accurate","A) Very easy","A) Navigation","B) Satisfied","B) Sometimes","A) Mobile phone","B) Likely","B) Helpful","B) No","A) Always","C) Rarely","C) Neutral","B) Sometimes","B) Sometimes","C) Neutral","B) Sometimes","B) Sometimes","B) Mostly accurate","B) Navigation and Mapping","B) Google","C) Real-time weather forecasting","A) 10","D) All of the above","A) Places Search","C) Flying","D)  All of the above","B)  A 360-degree photographic view from street level","D)  All of the above","A)  Your destination","A)  Shows traffic","A)  Yes","C)  Sending emails","B)  Suggested alternate route","A)  Yes","D)  All of the above","C)  Traffic","B) Mostly","A) Yes"
"2025/09/29 9:21:31 am GMT-6","Patil Bhavika ","-","A) Daily","A) Finding directions","B) Mostly accurate","A) Very easy","D) Traffic updates","B) Satisfied","B) Sometimes","A) Mobile phone","C) Neutral","B) Helpful","B) No","B) Sometimes","B) Sometimes","C) Neutral","B) Sometimes","B) Sometimes","B) Helpful","A) Always","B) Sometimes","C) Sometimes accurate","B) Navigation and Mapping","B) Google","C) Real-time weather forecasting","C) 21","D) All of the above","A) Places Search","C) Flying","D)  All of the above","B)  A 360-degree photographic view from street level","D)  All of the above","C)  Your current location","C)  Activates Street View","A)  Yes","C)  Sending emails","B)  Suggested alternate route","A)  Yes","D)  All of the above","C)  Traffic","B) Mostly","A) Yes"
"2025/09/29 10:22:01 am GMT-6","Purab virendra pardeshi ","8237955155","C) Once a week","C) Exploring places","B) Mostly accurate","B) Easy","A) Navigation","B) Satisfied","A) Always","A) Mobile phone","B) Likely","B) Helpful","B) No","C) Rarely","D) Never","C) Neutral","D) Never","A) Always","D) Not helpful","A) Always","C) Rarely","D) Not accurate","C) Social Networking","A) Microsoft","D) Traffic conditions","D) 30","D) All of the above","B) Timeline","A) Walking","D)  All of the above","A) A list of all streets","D)  All of the above","C)  Your current location","B)  Changes the map color","B)  No","A)  Location sharing","A)  No internet","B)  No","D)  All of the above","C)  Traffic","B) Mostly","C) Maybe"
"2025/09/29 10:32:24 am GMT-6","Neha Sharma ","8275569028","B) 2–3 times a week","A) Finding directions","A) Very accurate","B) Easy","B)  Street View","B) Satisfied","A) Always","A) Mobile phone","B) Likely","A) Extremely helpful","A) Yes","A) Always","B) Sometimes","C) Neutral","B) Sometimes","A) Always","B) Helpful","B) Sometimes","A) Always","A) Very accurate","B) Navigation and Mapping","C) Apple","B) Street views","C) 21","A) Fleet tracking","C) Street View","A) Walking","A)  Satellite view","A) A list of all streets","A)  Smartphone","A)  Your destination","A)  Shows traffic","A)  Yes","B)  Route planning","B)  Suggested alternate route","B)  No","A)  Driving","B)  Transit","B) Mostly","A) Yes"
"2025/09/29 11:41:38 am GMT-6","Rutam Chauhan ","9028004397","C) Once a week","C) Exploring places","A) Very accurate","A) Very easy","C) Satellite view","B) Satisfied","A) Always","A) Mobile phone","B) Likely","B) Helpful","A) Yes","A) Always","B) Sometimes","B) Useful","C) Rarely","B) Sometimes","B) Helpful","A) Always","B) Sometimes","B) Mostly accurate","B) Navigation and Mapping","B) Google","A) Satellite imagery","A) 10","D) All of the above","C) Street View","C) Flying","A)  Satellite view","B)  A 360-degree photographic view from street level","D)  All of the above","B)  Your starting point","A)  Shows traffic","A)  Yes","C)  Sending emails","B)  Suggested alternate route","A)  Yes","D)  All of the above","C)  Traffic","B) Mostly","C) Maybe"
"2025/09/29 9:00:50 pm GMT-6","Ruchita Vinay Patil ","9422154614","D)  Rarely","C) Exploring places","B) Mostly accurate","B) Easy","A) Navigation","B) Satisfied","C) Rarely","A) Mobile phone","A) Very likely","A) Extremely helpful","B) No","C) Rarely","D) Never","C) Neutral","D) Never","D) Never","B) Helpful","D) Never","C) Rarely","C) Sometimes accurate","B) Navigation and Mapping","B) Google","C) Real-time weather forecasting","A) 10","B) Location-based marketing","D) Satellite View","C) Flying","A)  Satellite view","A) A list of all streets","D)  All of the above","A)  Your destination","A)  Shows traffic","B)  No","C)  Sending emails","A)  No internet","B)  No","D)  All of the above","C)  Traffic","B) Mostly","A) Yes"
"2025/09/29 9:45:55 pm GMT-6","Ishika bhole","8468907377","B) 2–3 times a week","D) Finding local businesses","A) Very accurate","A) Very easy","B)  Street View","C) Neutral","B) Sometimes","D) All of these","B) Likely","B) Helpful","A) Yes","D) Never","A) Daily","C) Neutral","B) Sometimes","C) Rarely","A) Very helpful","A) Always","A) Always","B) Mostly accurate","D) Online Shopping","B) Google","C) Real-time weather forecasting","A) 10","B) Location-based marketing","A) Places Search","A) Walking","B)  Terrain view","B)  A 360-degree photographic view from street level","A)  Smartphone","C)  Your current location","B)  Changes the map color","C)  Only on Android","A)  Location sharing","B)  Suggested alternate route","B)  No","B)  Walking","A)  Terrain","A) Completely","C) Maybe"
"2025/09/29 9:49:49 pm GMT-6","Janhvi Kapale ","7987420320","B) 2–3 times a week","A) Finding directions","C) Sometimes inaccurate","A) Very easy","D) Traffic updates","B) Satisfied","B) Sometimes","A) Mobile phone","B) Likely","B) Helpful","B) No","D) Never","B) Sometimes","B) Useful","B) Sometimes","A) Always","B) Helpful","A) Always","B) Sometimes","B) Mostly accurate","B) Navigation and Mapping","B) Google","C) Real-time weather forecasting","A) 10","B) Location-based marketing","A) Places Search","B) Driving","D)  All of the above","B)  A 360-degree photographic view from street level","D)  All of the above","C)  Your current location","D)  Shows nearby restaurants","B)  No","D)  Finding nearby businesses","D) Closed road","D)  Only Google employees","D)  All of the above","C)  Traffic","B) Mostly","A) Yes"
"2025/09/29 9:59:11 pm GMT-6","Mamata ganesh dahake","9028037793","A) Daily","B) Checking traffic","A) Very accurate","A) Very easy","D) Traffic updates","A) Very satisfied","A) Always","A) Mobile phone","C) Neutral","B) Helpful","A) Yes","A) Always","A) Daily","B) Useful","A) Daily","B) Sometimes","B) Helpful","B) Sometimes","B) Sometimes","C) Sometimes accurate","C) Social Networking","B) Google","B) Street views","B) 15","B) Location-based marketing","A) Places Search","B) Driving","A)  Satellite view","D)  A traffic report","A)  Smartphone","B)  Your starting point","A)  Shows traffic","B)  No","B)  Route planning","C)  Best route","B)  No","C)  Public transport","C)  Traffic","A) Completely","B) No"
"2025/09/29 9:59:29 pm GMT-6","Urvashi Choudhary ","9699964774","A) Daily","A) Finding directions","C) Sometimes inaccurate","B) Easy","C) Satellite view","C) Neutral","A) Always","A) Mobile phone","B) Likely","B) Helpful","B) No","B) Sometimes","B) Sometimes","B) Useful","B) Sometimes","B) Sometimes","C) Neutral","C) Rarely","B) Sometimes","C) Sometimes accurate","B) Navigation and Mapping","B) Google","C) Real-time weather forecasting","C) 21","B) Location-based marketing","A) Places Search","C) Flying","D)  All of the above","C)  A satellite image of a street","D)  All of the above","C)  Your current location","C)  Activates Street View","A)  Yes","C)  Sending emails","B)  Suggested alternate route","A)  Yes","D)  All of the above","C)  Traffic","C) Neutral","C) Maybe"
"2025/09/29 10:07:28 pm GMT-6","Piyush Ramteke ","8459727473","A) Daily","A) Finding directions","C) Sometimes inaccurate","B) Easy","B)  Street View","B) Satisfied","B) Sometimes","A) Mobile phone","B) Likely","B) Helpful","B) No","A) Always","B) Sometimes","A) Very useful","C) Rarely","B) Sometimes","A) Very helpful","B) Sometimes","C) Rarely","B) Mostly accurate","B) Navigation and Mapping","B) Google","C) Real-time weather forecasting","D) 30","B) Location-based marketing","A) Places Search","C) Flying","A)  Satellite view","B)  A 360-degree photographic view from street level","A)  Smartphone","C)  Your current location","B)  Changes the map color","A)  Yes","C)  Sending emails","B)  Suggested alternate route","A)  Yes","A)  Driving","C)  Traffic","B) Mostly","A) Yes"
"2025/09/29 11:14:53 pm GMT-6","Phegade ketan ","9637483036","D)  Rarely","A) Finding directions","B) Mostly accurate","B) Easy","C) Satellite view","B) Satisfied","B) Sometimes","A) Mobile phone","B) Likely","B) Helpful","B) No","C) Rarely","C) Rarely","B) Useful","C) Rarely","B) Sometimes","C) Neutral","C) Rarely","C) Rarely","C) Sometimes accurate","B) Navigation and Mapping","B) Google","C) Real-time weather forecasting","C) 21","C) Customer mapping","D) Satellite View","C) Flying","A)  Satellite view","B)  A 360-degree photographic view from street level","B)  Tablet","C)  Your current location","B)  Changes the map color","B)  No","C)  Sending emails","A)  No internet","B)  No","D)  All of the above","C)  Traffic","C) Neutral","B) No"
"2025/09/30 12:28:43 am GMT-6","Rohan Bichkule ","9579336671","B) 2–3 times a week","A) Finding directions","B) Mostly accurate","B) Easy","C) Satellite view","C) Neutral","B) Sometimes","A) Mobile phone","B) Likely","A) Extremely helpful","B) No","A) Always","D) Never","A) Very useful","B) Sometimes","A) Always","A) Very helpful","A) Always","A) Always","B) Mostly accurate","B) Navigation and Mapping","B) Google","B) Street views","B) 15","D) All of the above","D) Satellite View","C) Flying","D)  All of the above","B)  A 360-degree photographic view from street level","A)  Smartphone","B)  Your starting point","B)  Changes the map color","B)  No","C)  Sending emails","D) Closed road","A)  Yes","D)  All of the above","C)  Traffic","B) Mostly","A) Yes"
"2025/09/30 4:32:15 am GMT-6","Sagar Pardeshi ","9011958846","D)  Rarely","C) Exploring places","B) Mostly accurate","B) Easy","C) Satellite view","B) Satisfied","C) Rarely","A) Mobile phone","B) Likely","B) Helpful","B) No","B) Sometimes","B) Sometimes","B) Useful","B) Sometimes","B) Sometimes","B) Helpful","B) Sometimes","B) Sometimes","B) Mostly accurate","B) Navigation and Mapping","B) Google","B) Street views","B) 15","B) Location-based marketing","B) Timeline","B) Driving","B)  Terrain view","B)  A 360-degree photographic view from street level","B)  Tablet","B)  Your starting point","B)  Changes the map color","B)  No","B)  Route planning","B)  Suggested alternate route","B)  No","B)  Walking","B)  Transit","B) Mostly","C) Maybe"
"2025/09/30 5:34:15 am GMT-6","Prajwal Ingle ","9356093365","C) Once a week","B) Checking traffic","B) Mostly accurate","B) Easy","C) Satellite view","B) Satisfied","B) Sometimes","C) Computer/Laptop","B) Likely","B) Helpful","B) No","B) Sometimes","B) Sometimes","C) Neutral","","B) Sometimes","C) Neutral","B) Sometimes","D) Never","B) Mostly accurate","C) Social Networking","B) Google","C) Real-time weather forecasting","B) 15","C) Customer mapping","C) Street View","C) Flying","C)  Street view","C)  A satellite image of a street","B)  Tablet","C)  Your current location","B)  Changes the map color","C)  Only on Android","C)  Sending emails","D) Closed road","D)  Only Google employees","C)  Public transport","B)  Transit","C) Neutral","A) Yes"
"2025/09/30 7:06:46 am GMT-6","Mayuri Laxman Joshi ","9404056359","D)  Rarely","C) Exploring places","C) Sometimes inaccurate","C) Neutral","B)  Street View","C) Neutral","C) Rarely","A) Mobile phone","C) Neutral","C) Neutral","B) No","C) Rarely","C) Rarely","C) Neutral","C) Rarely","C) Rarely","C) Neutral","C) Rarely","C) Rarely","C) Sometimes accurate","C) Social Networking","B) Google","B) Street views","A) 10","D) All of the above","B) Timeline","B) Driving","C)  Street view","B)  A 360-degree photographic view from street level","A)  Smartphone","C)  Your current location","C)  Activates Street View","A)  Yes","C)  Sending emails","B)  Suggested alternate route","B)  No","B)  Walking","C)  Traffic","C) Neutral","A) Yes"
"2025/09/30 7:26:27 am GMT-6","Priyanka Narendra patil","9022982126","A) Daily","B) Checking traffic","A) Very accurate","B) Easy","C) Satellite view","B) Satisfied","D) Never","B) Tablet","B) Likely","B) Helpful","A) Yes","A) Always","C) Rarely","C) Neutral","C) Rarely","B) Sometimes","A) Very helpful","A) Always","B) Sometimes","B) Mostly accurate","B) Navigation and Mapping","C) Apple","B) Street views","B) 15","B) Location-based marketing","B) Timeline","B) Driving","C)  Street view","B)  A 360-degree photographic view from street level","C)  Computer","C)  Your current location","D)  Shows nearby restaurants","C)  Only on Android","A)  Location sharing","D) Closed road","D)  Only Google employees","B)  Walking","D)  Weather","B) Mostly","A) Yes"
"2025/09/30 8:34:45 am GMT-6","Rajashri baviskar","8390559542","D)  Rarely","A) Finding directions","C) Sometimes inaccurate","C) Neutral","A) Navigation","B) Satisfied","B) Sometimes","A) Mobile phone","A) Very likely","B) Helpful","","C) Rarely","D) Never","B) Useful","B) Sometimes","C) Rarely","C) Neutral","B) Sometimes","B) Sometimes","B) Mostly accurate","B) Navigation and Mapping","B) Google","B) Street views","D) 30","D) All of the above","A) Places Search","A) Walking","B)  Terrain view","C)  A satellite image of a street","B)  Tablet","B)  Your starting point","B)  Changes the map color","","A)  Location sharing","C)  Best route","A)  Yes","A)  Driving","D)  Weather","C) Neutral","A) Yes"
"2025/09/30 8:36:36 am GMT-6","Vaishnavi rajput ","7020221244","B) 2–3 times a week","A) Finding directions","B) Mostly accurate","A) Very easy","A) Navigation","B) Satisfied","B) Sometimes","B) Tablet","B) Likely","B) Helpful","B) No","B) Sometimes","B) Sometimes","B) Useful","B) Sometimes","D) Never","B) Helpful","B) Sometimes","B) Sometimes","B) Mostly accurate","B) Navigation and Mapping","A) Microsoft","B) Street views","B) 15","B) Location-based marketing","B) Timeline","B) Driving","B)  Terrain view","B)  A 360-degree photographic view from street level","D)  All of the above","A)  Your destination","B)  Changes the map color","A)  Yes","A)  Location sharing","C)  Best route","A)  Yes","C)  Public transport","C)  Traffic","B) Mostly","C) Maybe"
"2025/09/30 12:54:03 pm GMT-6","Arya Jarande ","8669710721","B) 2–3 times a week","C) Exploring places","B) Mostly accurate","A) Very easy","B)  Street View","A) Very satisfied","A) Always","A) Mobile phone","A) Very likely","A) Extremely helpful","B) No","A) Always","A) Daily","A) Very useful","B) Sometimes","B) Sometimes","A) Very helpful","A) Always","A) Always","A) Very accurate","A)Video Streaming","B) Google","D) Traffic conditions","D) 30","D) All of the above","A) Places Search","C) Flying","C)  Street view","B)  A 360-degree photographic view from street level","A)  Smartphone","C)  Your current location","C)  Activates Street View","B)  No","C)  Sending emails","B)  Suggested alternate route","A)  Yes","D)  All of the above","C)  Traffic","A) Completely","A) Yes"
"2025/09/30 10:54:27 pm GMT-6","Chetana patil ","7558525933","C) Once a week","C) Exploring places","A) Very accurate","B) Easy","B)  Street View","A) Very satisfied","B) Sometimes","A) Mobile phone","B) Likely","B) Helpful","A) Yes","B) Sometimes","B) Sometimes","B) Useful","B) Sometimes","B) Sometimes","B) Helpful","B) Sometimes","B) Sometimes","B) Mostly accurate","B) Navigation and Mapping","B) Google","B) Street views","B) 15","B) Location-based marketing","B) Timeline","B) Driving","D)  All of the above","A) A list of all streets","A)  Smartphone","B)  Your starting point","A)  Shows traffic","C)  Only on Android","B)  Route planning","C)  Best route","A)  Yes","A)  Driving","B)  Transit","B) Mostly","A) Yes"
"2025/10/01 6:43:10 am GMT-6","Tina chaudhari","7709438084","B) 2–3 times a week","C) Exploring places","A) Very accurate","B) Easy","B)  Street View","B) Satisfied","B) Sometimes","A) Mobile phone","B) Likely","B) Helpful","A) Yes","B) Sometimes","B) Sometimes","B) Useful","B) Sometimes","B) Sometimes","B) Helpful","B) Sometimes","B) Sometimes","B) Mostly accurate","C) Social Networking","B) Google","B) Street views","B) 15","A) Fleet tracking","B) Timeline","B) Driving","C)  Street view","A) A list of all streets","A)  Smartphone","B)  Your starting point","A)  Shows traffic","A)  Yes","A)  Location sharing","C)  Best route","A)  Yes","A)  Driving","A)  Terrain","B) Mostly","A) Yes"
"2025/10/01 7:46:17 pm GMT-6","Vaishnavi Prasanna Patil","7030257948","B) 2–3 times a week","C) Exploring places","A) Very accurate","A) Very easy","B)  Street View","B) Satisfied","B) Sometimes","A) Mobile phone","C) Neutral","A) Extremely helpful","B) No","B) Sometimes","C) Rarely","C) Neutral","B) Sometimes","A) Always","B) Helpful","A) Always","A) Always","B) Mostly accurate","C) Social Networking","B) Google","C) Real-time weather forecasting","B) 15","D) All of the above","A) Places Search","B) Driving","A)  Satellite view","B)  A 360-degree photographic view from street level","A)  Smartphone","A)  Your destination","C)  Activates Street View","B)  No","C)  Sending emails","A)  No internet","B)  No","C)  Public transport","C)  Traffic","B) Mostly","A) Yes"
"2025/10/02 5:29:13 am GMT-6","Chhaya","9730248204","D)  Rarely","A) Finding directions","A) Very accurate","A) Very easy","A) Navigation","A) Very satisfied","A) Always","A) Mobile phone","A) Very likely","B) Helpful","A) Yes","B) Sometimes","B) Sometimes","B) Useful","C) Rarely","C) Rarely","B) Helpful","B) Sometimes","B) Sometimes","B) Mostly accurate","B) Navigation and Mapping","B) Google","C) Real-time weather forecasting","C) 21","B) Location-based marketing","C) Street View","C) Flying","D)  All of the above","B)  A 360-degree photographic view from street level","A)  Smartphone","C)  Your current location","C)  Activates Street View","A)  Yes","C)  Sending emails","C)  Best route","A)  Yes","A)  Driving","C)  Traffic","A) Completely","A) Yes"
"2025/10/02 5:33:26 am GMT-6","Chandrakant ","9923587256","A) Daily","A) Finding directions","A) Very accurate","A) Very easy","A) Navigation","A) Very satisfied","A) Always","A) Mobile phone","A) Very likely","A) Extremely helpful","A) Yes","A) Always","A) Daily","A) Very useful","A) Daily","A) Always","A) Very helpful","A) Always","A) Always","A) Very accurate","B) Navigation and Mapping","B) Google","B) Street views","B) 15","B) Location-based marketing","C) Street View","C) Flying","C)  Street view","B)  A 360-degree photographic view from street level","A)  Smartphone","C)  Your current location","B)  Changes the map color","A)  Yes","C)  Sending emails","C)  Best route","A)  Yes","C)  Public transport","C)  Traffic","A) Completely","A) Yes"
"2025/10/02 11:43:56 am GMT-6","Santosh Magar ","9082966942","D)  Rarely","C) Exploring places","B) Mostly accurate","B) Easy","B)  Street View","B) Satisfied","B) Sometimes","A) Mobile phone","B) Likely","B) Helpful","B) No","C) Rarely","C) Rarely","C) Neutral","D) Never","B) Sometimes","B) Helpful","B) Sometimes","B) Sometimes","C) Sometimes accurate","B) Navigation and Mapping","B) Google","C) Real-time weather forecasting","A) 10","B) Location-based marketing","A) Places Search","C) Flying","D)  All of the above","C)  A satellite image of a street","D)  All of the above","C)  Your current location","A)  Shows traffic","B)  No","C)  Sending emails","B)  Suggested alternate route","B)  No","D)  All of the above","C)  Traffic","B) Mostly","C) Maybe"
"2025/10/03 8:09:35 am GMT-6","Geeta lohar ","8007012287","B) 2–3 times a week","B) Checking traffic","B) Mostly accurate","A) Very easy","B)  Street View","C) Neutral","A) Always","B) Tablet","B) Likely","B) Helpful","A) Yes","A) Always","B) Sometimes","C) Neutral","A) Daily","B) Sometimes","B) Helpful","A) Always","B) Sometimes","A) Very accurate","B) Navigation and Mapping","A) Microsoft","A) Satellite imagery","A) 10","A) Fleet tracking","B) Timeline","A) Walking","C)  Street view","A) A list of all streets","B)  Tablet","D)  A traffic alert","A)  Shows traffic","B)  No","B)  Route planning","A)  No internet","A)  Yes","A)  Driving","A)  Terrain","D) Slightly","A) Yes"
"2025/10/03 10:31:57 pm GMT-6","Khushi Katyare","8983776497","D)  Rarely","A) Finding directions","C) Sometimes inaccurate","C) Neutral","B)  Street View","B) Satisfied","C) Rarely","A) Mobile phone","C) Neutral","B) Helpful","B) No","B) Sometimes","B) Sometimes","B) Useful","B) Sometimes","B) Sometimes","B) Helpful","B) Sometimes","D) Never","A) Very accurate","A)Video Streaming","C) Apple","C) Real-time weather forecasting","C) 21","C) Customer mapping","B) Timeline","B) Driving","B)  Terrain view","B)  A 360-degree photographic view from street level","A)  Smartphone","A)  Your destination","B)  Changes the map color","B)  No","D)  Finding nearby businesses","D) Closed road","A)  Yes","B)  Walking","B)  Transit","A) Completely","B) No"
"2025/10/03 11:09:41 pm GMT-6","Riya Nage","9529738109","B) 2–3 times a week","A) Finding directions","C) Sometimes inaccurate","D) Difficult","E ) Local business info","","C) Rarely","A) Mobile phone","B) Likely","B) Helpful","B) No","A) Always","B) Sometimes","B) Useful","C) Rarely","C) Rarely","C) Neutral","C) Rarely","B) Sometimes","C) Sometimes accurate","B) Navigation and Mapping","D) IBM","D) Traffic conditions","C) 21","C) Customer mapping","C) Street View","C) Flying","B)  Terrain view","A) A list of all streets","A)  Smartphone","D)  A traffic alert","D)  Shows nearby restaurants","A)  Yes","A)  Location sharing","B)  Suggested alternate route","C) Only business owners","D)  All of the above","C)  Traffic","D) Slightly","C) Maybe"
"2025/10/05 1:13:11 am GMT-6","Nidhi barhate","9975504583","B) 2–3 times a week","C) Exploring places","A) Very accurate","A) Very easy","B)  Street View","C) Neutral","D) Never","C) Computer/Laptop","D) Unlikely","A) Extremely helpful","B) No","C) Rarely","C) Rarely","C) Neutral","A) Daily","A) Always","A) Very helpful","D) Never","A) Always","A) Very accurate","D) Online Shopping","D) IBM","B) Street views","C) 21","B) Location-based marketing","A) Places Search","B) Driving","A)  Satellite view","C)  A satellite image of a street","B)  Tablet","D)  A traffic alert","A)  Shows traffic","B)  No","A)  Location sharing","A)  No internet","D)  Only Google employees","D)  All of the above","D)  Weather","B) Mostly","B) No"
"2025/10/12 10:06:16 am GMT-6","Gauri Jangle ","9529975952","C) Once a week","A) Finding directions","B) Mostly accurate","B) Easy","D) Traffic updates","C) Neutral","A) Always","D) All of these","B) Likely","C) Neutral","B) No","D) Never","C) Rarely","A) Very useful","C) Rarely","B) Sometimes","A) Very helpful","B) Sometimes","B) Sometimes","B) Mostly accurate","C) Social Networking","A) Microsoft","C) Real-time weather forecasting","A) 10","D) All of the above","B) Timeline","A) Walking","B)  Terrain view","C)  A satellite image of a street","B)  Tablet","B)  Your starting point","B)  Changes the map color","B)  No","B)  Route planning","C)  Best route","C) Only business owners","A)  Driving","B)  Transit","B) Mostly","A) Yes"
"2025/10/12 10:08:19 am GMT-6","Dipti patil ","7020678900","","A) Finding directions","A) Very accurate","B) Easy","D) Traffic updates","A) Very satisfied","A) Always","A) Mobile phone","B) Likely","A) Extremely helpful","A) Yes","B) Sometimes","A) Daily","A) Very useful","A) Daily","B) Sometimes","A) Very helpful","A) Always","B) Sometimes","A) Very accurate","C) Social Networking","A) Microsoft","A) Satellite imagery","B) 15","A) Fleet tracking","A) Places Search","B) Driving","B)  Terrain view","A) A list of all streets","A)  Smartphone","A)  Your destination","B)  Changes the map color","B)  No","A)  Location sharing","A)  No internet","A)  Yes","B)  Walking","A)  Terrain","A) Completely","A) Yes"
"2025/10/12 10:09:22 am GMT-6","Purab virendra rajput ","7820983022","A) Daily","B) Checking traffic","C) Sometimes inaccurate","A) Very easy","A) Navigation","B) Satisfied","D) Never","B) Tablet","C) Neutral","A) Extremely helpful","A) Yes","C) Rarely","B) Sometimes","D) Not useful","C) Rarely","B) Sometimes","A) Very helpful","B) Sometimes","B) Sometimes","A) Very accurate","A)Video Streaming","C) Apple","C) Real-time weather forecasting","A) 10","B) Location-based marketing","A) Places Search","D) Cycling","B)  Terrain view","A) A list of all streets","A)  Smartphone","C)  Your current location","A)  Shows traffic","B)  No","C)  Sending emails","C)  Best route","C) Only business owners","B)  Walking","B)  Transit","C) Neutral","B) No"
"2025/10/12 10:10:37 am GMT-6","Disha rajendra rajput ","9665987914","C) Once a week","C) Exploring places","B) Mostly accurate","C) Neutral","E ) Local business info","C) Neutral","A) Always","B) Tablet","B) Likely","B) Helpful","A) Yes","B) Sometimes","B) Sometimes","B) Useful","B) Sometimes","B) Sometimes","B) Helpful","C) Rarely","B) Sometimes","C) Sometimes accurate","A)Video Streaming","A) Microsoft","B) Street views","B) 15","C) Customer mapping","C) Street View","C) Flying","B)  Terrain view","B)  A 360-degree photographic view from street level","C)  Computer","C)  Your current location","B)  Changes the map color","B)  No","B)  Route planning","B)  Suggested alternate route","B)  No","B)  Walking","B)  Transit","B) Mostly","C) Maybe"
"2025/10/12 10:10:54 am GMT-6","Diksha kapale","8149747532","C) Once a week","A) Finding directions","C) Sometimes inaccurate","B) Easy","D) Traffic updates","B) Satisfied","A) Always","B) Tablet","C) Neutral","C) Neutral","A) Yes","B) Sometimes","D) Never","B) Useful","B) Sometimes","B) Sometimes","A) Very helpful","A) Always","A) Always","B) Mostly accurate","B) Navigation and Mapping","A) Microsoft","B) Street views","A) 10","B) Location-based marketing","B) Timeline","A) Walking","A)  Satellite view","A) A list of all streets","B)  Tablet","C)  Your current location","C)  Activates Street View","B)  No","B)  Route planning","A)  No internet","A)  Yes","A)  Driving","B)  Transit","A) Completely","B) No"
"2025/10/12 10:19:50 am GMT-6","Chinmay Patil","7249200766","A) Daily","C) Exploring places","C) Sometimes inaccurate","C) Neutral","A) Navigation","B) Satisfied","A) Always","C) Computer/Laptop","B) Likely","C) Neutral","B) No","A) Always","B) Sometimes","C) Neutral","D) Never","D) Never","C) Neutral","B) Sometimes","A) Always","B) Mostly accurate","C) Social Networking","C) Apple","C) Real-time weather forecasting","C) 21","B) Location-based marketing","C) Street View","C) Flying","C)  Street view","C)  A satellite image of a street","B)  Tablet","B)  Your starting point","B)  Changes the map color","C)  Only on Android","D)  Finding nearby businesses","A)  No internet","B)  No","C)  Public transport","C)  Traffic","D) Slightly","C) Maybe"
"2025/10/12 10:23:16 am GMT-6","Dipti viendra pardeshi","9923114806","C) Once a week","D) Finding local businesses","A) Very accurate","B) Easy","C) Satellite view","C) Neutral","C) Rarely","B) Tablet","B) Likely","A) Extremely helpful","B) No","B) Sometimes","B) Sometimes","B) Useful","C) Rarely","A) Always","B) Helpful","B) Sometimes","B) Sometimes","B) Mostly accurate","B) Navigation and Mapping","D) IBM","A) Satellite imagery","B) 15","B) Location-based marketing","A) Places Search","C) Flying","B)  Terrain view","B)  A 360-degree photographic view from street level","A)  Smartphone","A)  Your destination","B)  Changes the map color","B)  No","C)  Sending emails","B)  Suggested alternate route","C) Only business owners","B)  Walking","B)  Transit","B) Mostly","B) No"
"2025/10/12 10:25:28 am GMT-6","Virendra madhavlal","9923114806","B) 2–3 times a week","C) Exploring places","B) Mostly accurate","B) Easy","B)  Street View","C) Neutral","C) Rarely","C) Computer/Laptop","B) Likely","B) Helpful","A) Yes","B) Sometimes","B) Sometimes","B) Useful","A) Daily","C) Rarely","B) Helpful","B) Sometimes","B) Sometimes","B) Mostly accurate","B) Navigation and Mapping","A) Microsoft","B) Street views","A) 10","C) Customer mapping","B) Timeline","C) Flying","B)  Terrain view","B)  A 360-degree photographic view from street level","B)  Tablet","B)  Your starting point","B)  Changes the map color","B)  No","C)  Sending emails","C)  Best route","B)  No","C)  Public transport","","C) Neutral","B) No"
"2025/10/12 11:05:11 am GMT-6","Drishti sudhir patil ","9834767883","D)  Rarely","A) Finding directions","B) Mostly accurate","A) Very easy","A) Navigation","A) Very satisfied","A) Always","A) Mobile phone","B) Likely","B) Helpful","B) No","B) Sometimes","D) Never","B) Useful","D) Never","A) Always","A) Very helpful","A) Always","A) Always","B) Mostly accurate","B) Navigation and Mapping","B) Google","D) Traffic conditions","B) 15","B) Location-based marketing","A) Places Search","C) Flying","D)  All of the above","A) A list of all streets","D)  All of the above","C)  Your current location","A)  Shows traffic","A)  Yes","C)  Sending emails","A)  No internet","A)  Yes","C)  Public transport","A)  Terrain","A) Completely","A) Yes"
"2025/10/12 11:05:43 am GMT-6","Shreeraj kishore kumar patil ","9270016524","D)  Rarely","C) Exploring places","B) Mostly accurate","B) Easy","C) Satellite view","B) Satisfied","A) Always","A) Mobile phone","A) Very likely","C) Neutral","B) No","B) Sometimes","B) Sometimes","A) Very useful","B) Sometimes","B) Sometimes","C) Neutral","B) Sometimes","C) Rarely","B) Mostly accurate","B) Navigation and Mapping","B) Google","C) Real-time weather forecasting","D) 30","D) All of the above","C) Street View","C) Flying","D)  All of the above","C)  A satellite image of a street","D)  All of the above","C)  Your current location","A)  Shows traffic","B)  No","C)  Sending emails","D) Closed road","A)  Yes","D)  All of the above","C)  Traffic","B) Mostly","A) Yes"
"2025/10/12 11:09:48 am GMT-6","Kashish ","7666959184","D)  Rarely","C) Exploring places","B) Mostly accurate","B) Easy","B)  Street View","B) Satisfied","B) Sometimes","A) Mobile phone","B) Likely","B) Helpful","B) No","D) Never","C) Rarely","C) Neutral","C) Rarely","C) Rarely","C) Neutral","D) Never","D) Never","B) Mostly accurate","B) Navigation and Mapping","B) Google","D) Traffic conditions","B) 15","D) All of the above","A) Places Search","A) Walking","C)  Street view","B)  A 360-degree photographic view from street level","A)  Smartphone","C)  Your current location","D)  Shows nearby restaurants","B)  No","B)  Route planning","D) Closed road","B)  No","A)  Driving","C)  Traffic","B) Mostly","C) Maybe"
"2025/10/12 11:42:40 am GMT-6","Chandrakant patil ","7020148988","B) 2–3 times a week","A) Finding directions","C) Sometimes inaccurate","B) Easy","D) Traffic updates","A) Very satisfied","B) Sometimes","C) Computer/Laptop","C) Neutral","C) Neutral","A) Yes","C) Rarely","B) Sometimes","B) Useful","B) Sometimes","B) Sometimes","B) Helpful","A) Always","B) Sometimes","A) Very accurate","B) Navigation and Mapping","C) Apple","C) Real-time weather forecasting","A) 10","A) Fleet tracking","B) Timeline","C) Flying","B)  Terrain view","C)  A satellite image of a street","D)  All of the above","A)  Your destination","B)  Changes the map color","A)  Yes","B)  Route planning","A)  No internet","A)  Yes","A)  Driving","A)  Terrain","C) Neutral","B) No"
"2025/10/12 9:17:15 pm GMT-6","Mohit khachane","9834051261","B) 2–3 times a week","A) Finding directions","B) Mostly accurate","B) Easy","C) Satellite view","B) Satisfied","B) Sometimes","A) Mobile phone","B) Likely","B) Helpful","B) No","B) Sometimes","C) Rarely","B) Useful","B) Sometimes","B) Sometimes","B) Helpful","B) Sometimes","C) Rarely","B) Mostly accurate","B) Navigation and Mapping","B) Google","B) Street views","A) 10","D) All of the above","A) Places Search","B) Driving","D)  All of the above","B)  A 360-degree photographic view from street level","A)  Smartphone","C)  Your current location","D)  Shows nearby restaurants","B)  No","A)  Location sharing","A)  No internet","B)  No","D)  All of the above","C)  Traffic","B) Mostly","C) Maybe"
"2025/10/12 11:34:03 pm GMT-6","Yugandhar Gujar ","9529697023","B) 2–3 times a week","B) Checking traffic","B) Mostly accurate","C) Neutral","D) Traffic updates","B) Satisfied","A) Always","A) Mobile phone","B) Likely","C) Neutral","B) No","A) Always","C) Rarely","B) Useful","A) Daily","C) Rarely","C) Neutral","D) Never","C) Rarely","D) Not accurate","C) Social Networking","C) Apple","C) Real-time weather forecasting","C) 21","C) Customer mapping","C) Street View","C) Flying","D)  All of the above","D)  A traffic report","C)  Computer","C)  Your current location","C)  Activates Street View","B)  No","B)  Route planning","B)  Suggested alternate route","B)  No","C)  Public transport","C)  Traffic","C) Neutral","B) No"
"2025/10/12 11:35:28 pm GMT-6","Sakshi Patil","6780248010","B) 2–3 times a week","A) Finding directions","A) Very accurate","A) Very easy","A) Navigation","A) Very satisfied","A) Always","A) Mobile phone","A) Very likely","A) Extremely helpful","A) Yes","A) Always","A) Daily","B) Useful","A) Daily","A) Always","A) Very helpful","A) Always","A) Always","A) Very accurate","A)Video Streaming","B) Google","A) Satellite imagery","A) 10","A) Fleet tracking","A) Places Search","A) Walking","A)  Satellite view","B)  A 360-degree photographic view from street level","B)  Tablet","B)  Your starting point","B)  Changes the map color","B)  No","B)  Route planning","B)  Suggested alternate route","A)  Yes","A)  Driving","A)  Terrain","B) Mostly","A) Yes"
"2025/10/12 11:36:00 pm GMT-6","Devyani patil ","8788533771","B) 2–3 times a week","B) Checking traffic","D) Often inaccurate","D) Difficult","A) Navigation","C) Neutral","C) Rarely","D) All of these","D) Unlikely","D) Not very helpful","A) Yes","D) Never","B) Sometimes","B) Useful","B) Sometimes","B) Sometimes","A) Very helpful","C) Rarely","D) Never","D) Not accurate","C) Social Networking","C) Apple","C) Real-time weather forecasting","D) 30","B) Location-based marketing","B) Timeline","C) Flying","B)  Terrain view","B)  A 360-degree photographic view from street level","B)  Tablet","A)  Your destination","C)  Activates Street View","A)  Yes","A)  Location sharing","D) Closed road","C) Only business owners","C)  Public transport","C)  Traffic","C) Neutral","B) No"
"2025/10/13 2:03:02 am GMT-6","Aachal Pradip Sarode ","9699217394","B) 2–3 times a week","A) Finding directions","A) Very accurate","C) Neutral","C) Satellite view","C) Neutral","B) Sometimes","B) Tablet","A) Very likely","A) Extremely helpful","A) Yes","A) Always","B) Sometimes","A) Very useful","B) Sometimes","B) Sometimes","B) Helpful","D) Never","B) Sometimes","B) Mostly accurate","B) Navigation and Mapping","B) Google","A) Satellite imagery","B) 15","A) Fleet tracking","C) Street View","A) Walking","A)  Satellite view","B)  A 360-degree photographic view from street level","A)  Smartphone","A)  Your destination","C)  Activates Street View","B)  No","B)  Route planning","C)  Best route","A)  Yes","C)  Public transport","A)  Terrain","D) Slightly","B) No"
"2025/10/13 2:03:47 am GMT-6","Pawan Nikam ","9404644227","B) 2–3 times a week","C) Exploring places","C) Sometimes inaccurate","C) Neutral","E ) Local business info","C) Neutral","B) Sometimes","B) Tablet","B) Likely","C) Neutral","B) No","C) Rarely","D) Never","C) Neutral","D) Never","B) Sometimes","B) Helpful","A) Always","B) Sometimes","A) Very accurate","C) Social Networking","B) Google","C) Real-time weather forecasting","A) 10","C) Customer mapping","B) Timeline","A) Walking","C)  Street view","C)  A satellite image of a street","C)  Computer","D)  A traffic alert","B)  Changes the map color","C)  Only on Android","B)  Route planning","B)  Suggested alternate route","","B)  Walking","A)  Terrain","B) Mostly","C) Maybe"
"2025/10/13 2:03:59 am GMT-6","Harsh Mali ","9529456941","B) 2–3 times a week","C) Exploring places","C) Sometimes inaccurate","A) Very easy","D) Traffic updates","A) Very satisfied","C) Rarely","C) Computer/Laptop","B) Likely","B) Helpful","A) Yes","B) Sometimes","B) Sometimes","B) Useful","B) Sometimes","A) Always","B) Helpful","C) Rarely","B) Sometimes","B) Mostly accurate","C) Social Networking","B) Google","B) Street views","B) 15","B) Location-based marketing","B) Timeline","B) Driving","B)  Terrain view","B)  A 360-degree photographic view from street level","A)  Smartphone","C)  Your current location","C)  Activates Street View","C)  Only on Android","B)  Route planning","A)  No internet","C) Only business owners","B)  Walking","B)  Transit","B) Mostly","B) No"
"2025/10/13 2:05:59 am GMT-6","Rohit Chaudhari ","9929018211","B) 2–3 times a week","A) Finding directions","A) Very accurate","A) Very easy","B)  Street View","A) Very satisfied","A) Always","A) Mobile phone","A) Very likely","A) Extremely helpful","A) Yes","A) Always","A) Daily","B) Useful","A) Daily","B) Sometimes","B) Helpful","B) Sometimes","A) Always","A) Very accurate","B) Navigation and Mapping","B) Google","A) Satellite imagery","C) 21","A) Fleet tracking","A) Places Search","B) Driving","D)  All of the above","C)  A satellite image of a street","A)  Smartphone","A)  Your destination","A)  Shows traffic","A)  Yes","A)  Location sharing","A)  No internet","A)  Yes","A)  Driving","B)  Transit","A) Completely","A) Yes"
"2025/10/13 3:13:24 am GMT-6","Atiq bagwan ","9923097219","B) 2–3 times a week","A) Finding directions","B) Mostly accurate","C) Neutral","B)  Street View","B) Satisfied","C) Rarely","B) Tablet","B) Likely","C) Neutral","A) Yes","C) Rarely","B) Sometimes","A) Very useful","C) Rarely","D) Never","A) Very helpful","A) Always","B) Sometimes","C) Sometimes accurate","D) Online Shopping","B) Google","C) Real-time weather forecasting","B) 15","B) Location-based marketing","B) Timeline","A) Walking","C)  Street view","D)  A traffic report","C)  Computer","B)  Your starting point","B)  Changes the map color","B)  No","C)  Sending emails","B)  Suggested alternate route","B)  No","C)  Public transport","D)  Weather","B) Mostly","B) No"
"2025/10/13 6:41:29 am GMT-6","Sagar danraj Pardeshi ","7385832272","B) 2–3 times a week","C) Exploring places","C) Sometimes inaccurate","C) Neutral","D) Traffic updates","B) Satisfied","B) Sometimes","B) Tablet","C) Neutral","B) Helpful","B) No","C) Rarely","C) Rarely","B) Useful","B) Sometimes","B) Sometimes","B) Helpful","C) Rarely","","A) Very accurate","A)Video Streaming","B) Google","B) Street views","B) 15","B) Location-based marketing","B) Timeline","B) Driving","C)  Street view","C)  A satellite image of a street","C)  Computer","B)  Your starting point","B)  Changes the map color","B)  No","B)  Route planning","B)  Suggested alternate route","D)  Only Google employees","C)  Public transport","B)  Transit","B) Mostly","B) No"
"2025/10/13 12:00:21 pm GMT-6","Dilbar ","7071781876","C) Once a week","B) Checking traffic","B) Mostly accurate","C) Neutral","A) Navigation","A) Very satisfied","B) Sometimes","D) All of these","C) Neutral","B) Helpful","A) Yes","D) Never","B) Sometimes","B) Useful","B) Sometimes","B) Sometimes","C) Neutral","A) Always","A) Always","B) Mostly accurate","C) Social Networking","A) Microsoft","C) Real-time weather forecasting","C) 21","B) Location-based marketing","D) Satellite View","D) Cycling","C)  Street view","C)  A satellite image of a street","B)  Tablet","A)  Your destination","D)  Shows nearby restaurants","C)  Only on Android","B)  Route planning","C)  Best route","C) Only business owners","D)  All of the above","A)  Terrain","B) Mostly","A) Yes"
"2025/10/13 12:04:34 pm GMT-6","Ganu","9283762665","B) 2–3 times a week","C) Exploring places","C) Sometimes inaccurate","B) Easy","D) Traffic updates","C) Neutral","B) Sometimes","C) Computer/Laptop","B) Likely","B) Helpful","A) Yes","B) Sometimes","C) Rarely","A) Very useful","B) Sometimes","C) Rarely","A) Very helpful","C) Rarely","B) Sometimes","A) Very accurate","B) Navigation and Mapping","A) Microsoft","C) Real-time weather forecasting","B) 15","B) Location-based marketing","B) Timeline","C) Flying","D)  All of the above","B)  A 360-degree photographic view from street level","C)  Computer","A)  Your destination","C)  Activates Street View","A)  Yes","B)  Route planning","A)  No internet","B)  No","A)  Driving","C)  Traffic","D) Slightly","A) Yes"
"2025/10/13 11:30:10 pm GMT-6","Pavan nikam ","9637080699","C) Once a week","B) Checking traffic","B) Mostly accurate","C) Neutral","B)  Street View","B) Satisfied","B) Sometimes","C) Computer/Laptop","B) Likely","D) Not very helpful","A) Yes","B) Sometimes","B) Sometimes","A) Very useful","C) Rarely","C) Rarely","B) Helpful","B) Sometimes","B) Sometimes","B) Mostly accurate","C) Social Networking","B) Google","C) Real-time weather forecasting","A) 10","A) Fleet tracking","C) Street View","B) Driving","C)  Street view","C)  A satellite image of a street","B)  Tablet","C)  Your current location","A)  Shows traffic","A)  Yes","C)  Sending emails","B)  Suggested alternate route","B)  No","C)  Public transport","C)  Traffic","B) Mostly","A) Yes"
"2025/10/13 11:30:58 pm GMT-6","Sanket bari ","8421395936","B) 2–3 times a week","B) Checking traffic","C) Sometimes inaccurate","B) Easy","D) Traffic updates","B) Satisfied","C) Rarely","B) Tablet","A) Very likely","B) Helpful","A) Yes","B) Sometimes","B) Sometimes","C) Neutral","C) Rarely","B) Sometimes","B) Helpful","C) Rarely","B) Sometimes","B) Mostly accurate","C) Social Networking","C) Apple","B) Street views","C) 21","D) All of the above","C) Street View","B) Driving","C)  Street view","C)  A satellite image of a street","C)  Computer","B)  Your starting point","B)  Changes the map color","B)  No","B)  Route planning","C)  Best route","C) Only business owners","B)  Walking","C)  Traffic","B) Mostly","A) Yes"
"2025/10/13 11:53:14 pm GMT-6","Bhatu Raju Patil","9021067355","B) 2–3 times a week","A) Finding directions","B) Mostly accurate","B) Easy","C) Satellite view","B) Satisfied","C) Rarely","C) Computer/Laptop","C) Neutral","B) Helpful","B) No","C) Rarely","C) Rarely","C) Neutral","C) Rarely","C) Rarely","C) Neutral","B) Sometimes","B) Sometimes","B) Mostly accurate","B) Navigation and Mapping","C) Apple","C) Real-time weather forecasting","C) 21","C) Customer mapping","C) Street View","B) Driving","C)  Street view","B)  A 360-degree photographic view from street level","B)  Tablet","B)  Your starting point","C)  Activates Street View","C)  Only on Android","B)  Route planning","B)  Suggested alternate route","C) Only business owners","B)  Walking","B)  Transit","C) Neutral","A) Yes"
"2025/10/14 12:07:02 am GMT-6","Jagrutiii","9836679264","A) Daily","B) Checking traffic","B) Mostly accurate","C) Neutral","B)  Street View","B) Satisfied","B) Sometimes","C) Computer/Laptop","C) Neutral","C) Neutral","A) Yes","C) Rarely","C) Rarely","B) Useful","B) Sometimes","B) Sometimes","C) Neutral","B) Sometimes","A) Always","A) Very accurate","A)Video Streaming","B) Google","B) Street views","A) 10","A) Fleet tracking","B) Timeline","A) Walking","B)  Terrain view","B)  A 360-degree photographic view from street level","B)  Tablet","C)  Your current location","B)  Changes the map color","B)  No","A)  Location sharing","A)  No internet","A)  Yes","C)  Public transport","C)  Traffic","B) Mostly","A) Yes"
"2025/10/14 12:12:13 am GMT-6","Rohan","6538926599","A) Daily","A) Finding directions","B) Mostly accurate","B) Easy","B)  Street View","A) Very satisfied","A) Always","A) Mobile phone","A) Very likely","A) Extremely helpful","B) No","C) Rarely","B) Sometimes","B) Useful","A) Daily","A) Always","A) Very helpful","A) Always","A) Always","A) Very accurate","A)Video Streaming","B) Google","B) Street views","B) 15","B) Location-based marketing","B) Timeline","B) Driving","A)  Satellite view","B)  A 360-degree photographic view from street level","B)  Tablet","B)  Your starting point","B)  Changes the map color","B)  No","B)  Route planning","B)  Suggested alternate route","B)  No","A)  Driving","B)  Transit","B) Mostly","A) Yes"
"2025/10/14 12:13:30 am GMT-6","Harshali Madhavrao Nikam ","8767879563","B) 2–3 times a week","C) Exploring places","C) Sometimes inaccurate","B) Easy","B)  Street View","B) Satisfied","B) Sometimes","B) Tablet","D) Unlikely","B) Helpful","B) No","B) Sometimes","B) Sometimes","B) Useful","A) Daily","C) Rarely","C) Neutral","C) Rarely","C) Rarely","B) Mostly accurate","B) Navigation and Mapping","B) Google","B) Street views","B) 15","B) Location-based marketing","C) Street View","C) Flying","B)  Terrain view","C)  A satellite image of a street","C)  Computer","C)  Your current location","B)  Changes the map color","B)  No","B)  Route planning","B)  Suggested alternate route","B)  No","B)  Walking","C)  Traffic","B) Mostly","A) Yes"
"2025/10/14 12:14:08 am GMT-6","Lina whalhe","9921746556","B) 2–3 times a week","A) Finding directions","B) Mostly accurate","C) Neutral","A) Navigation","B) Satisfied","B) Sometimes","B) Tablet","B) Likely","B) Helpful","A) Yes","A) Always","A) Daily","A) Very useful","A) Daily","A) Always","B) Helpful","B) Sometimes","A) Always","A) Very accurate","B) Navigation and Mapping","B) Google","B) Street views","A) 10","B) Location-based marketing","C) Street View","C) Flying","C)  Street view","B)  A 360-degree photographic view from street level","B)  Tablet","B)  Your starting point","A)  Shows traffic","A)  Yes","B)  Route planning","A)  No internet","A)  Yes","B)  Walking","A)  Terrain","A) Completely","A) Yes"
"2025/10/14 12:18:05 am GMT-6","Priti patil","8767686990","B) 2–3 times a week","C) Exploring places","C) Sometimes inaccurate","A) Very easy","A) Navigation","A) Very satisfied","A) Always","A) Mobile phone","B) Likely","B) Helpful","A) Yes","A) Always","A) Daily","B) Useful","B) Sometimes","A) Always","A) Very helpful","B) Sometimes","B) Sometimes","B) Mostly accurate","B) Navigation and Mapping","B) Google","B) Street views","B) 15","A) Fleet tracking","A) Places Search","B) Driving","B)  Terrain view","B)  A 360-degree photographic view from street level","B)  Tablet","A)  Your destination","B)  Changes the map color","A)  Yes","A)  Location sharing","B)  Suggested alternate route","A)  Yes","B)  Walking","B)  Transit","B) Mostly","A) Yes"
"2025/10/14 12:22:02 am GMT-6","Radhika patil ","6739825629","A) Daily","B) Checking traffic","B) Mostly accurate","B) Easy","A) Navigation","A) Very satisfied","A) Always","A) Mobile phone","A) Very likely","B) Helpful","A) Yes","B) Sometimes","A) Daily","A) Very useful","B) Sometimes","B) Sometimes","A) Very helpful","B) Sometimes","B) Sometimes","A) Very accurate","A)Video Streaming","A) Microsoft","A) Satellite imagery","B) 15","B) Location-based marketing","A) Places Search","B) Driving","B)  Terrain view","B)  A 360-degree photographic view from street level","B)  Tablet","B)  Your starting point","A)  Shows traffic","A)  Yes","A)  Location sharing","B)  Suggested alternate route","A)  Yes","A)  Driving","B)  Transit","B) Mostly","A) Yes"
"2025/10/14 12:25:56 am GMT-6","Komal","7563892672","A) Daily","A) Finding directions","B) Mostly accurate","B) Easy","B)  Street View","B) Satisfied","B) Sometimes","B) Tablet","B) Likely","C) Neutral","A) Yes","B) Sometimes","B) Sometimes","A) Very useful","B) Sometimes","B) Sometimes","A) Very helpful","A) Always","B) Sometimes","A) Very accurate","B) Navigation and Mapping","B) Google","B) Street views","B) 15","B) Location-based marketing","A) Places Search","A) Walking","B)  Terrain view","A) A list of all streets","B)  Tablet","B)  Your starting point","B)  Changes the map color","B)  No","B)  Route planning","A)  No internet","A)  Yes","A)  Driving","B)  Transit","B) Mostly","A) Yes"
"2025/10/14 12:28:50 am GMT-6","Ritika","5839299266","A) Daily","B) Checking traffic","B) Mostly accurate","B) Easy","B)  Street View","A) Very satisfied","A) Always","B) Tablet","B) Likely","B) Helpful","A) Yes","A) Always","A) Daily","B) Useful","B) Sometimes","B) Sometimes","B) Helpful","B) Sometimes","B) Sometimes","B) Mostly accurate","B) Navigation and Mapping","B) Google","B) Street views","B) 15","B) Location-based marketing","B) Timeline","B) Driving","B)  Terrain view","B)  A 360-degree photographic view from street level","B)  Tablet","B)  Your starting point","A)  Shows traffic","A)  Yes","A)  Location sharing","A)  No internet","A)  Yes","B)  Walking","B)  Transit","B) Mostly","A) Yes"
"2025/10/14 12:30:27 am GMT-6","Pravin","6388299266","B) 2–3 times a week","B) Checking traffic","B) Mostly accurate","A) Very easy","C) Satellite view","A) Very satisfied","B) Sometimes","A) Mobile phone","B) Likely","A) Extremely helpful","A) Yes","B) Sometimes","A) Daily","A) Very useful","A) Daily","B) Sometimes","B) Helpful","A) Always","A) Always","B) Mostly accurate","B) Navigation and Mapping","B) Google","B) Street views","A) 10","B) Location-based marketing","B) Timeline","B) Driving","B)  Terrain view","B)  A 360-degree photographic view from street level","B)  Tablet","B)  Your starting point","A)  Shows traffic","B)  No","A)  Location sharing","A)  No internet","A)  Yes","A)  Driving","B)  Transit","C) Neutral","A) Yes"
"2025/10/14 12:32:45 am GMT-6","Nitin","6839267296","A) Daily","B) Checking traffic","A) Very accurate","B) Easy","B)  Street View","B) Satisfied","A) Always","B) Tablet","B) Likely","A) Extremely helpful","A) Yes","A) Always","B) Sometimes","A) Very useful","B) Sometimes","B) Sometimes","A) Very helpful","A) Always","B) Sometimes","B) Mostly accurate","B) Navigation and Mapping","B) Google","B) Street views","B) 15","B) Location-based marketing","A) Places Search","A) Walking","B)  Terrain view","B)  A 360-degree photographic view from street level","B)  Tablet","B)  Your starting point","B)  Changes the map color","B)  No","A)  Location sharing","B)  Suggested alternate route","A)  Yes","B)  Walking","A)  Terrain","B) Mostly","A) Yes"
"2025/10/14 12:34:28 am GMT-6","Ranveer kapoor ","9272829966","A) Daily","B) Checking traffic","A) Very accurate","A) Very easy","A) Navigation","B) Satisfied","B) Sometimes","A) Mobile phone","B) Likely","B) Helpful","A) Yes","A) Always","B) Sometimes","B) Useful","A) Daily","B) Sometimes","C) Neutral","B) Sometimes","B) Sometimes","B) Mostly accurate","B) Navigation and Mapping","B) Google","B) Street views","B) 15","B) Location-based marketing","B) Timeline","B) Driving","A)  Satellite view","B)  A 360-degree photographic view from street level","B)  Tablet","B)  Your starting point","A)  Shows traffic","A)  Yes","C)  Sending emails","B)  Suggested alternate route","A)  Yes","B)  Walking","B)  Transit","B) Mostly","A) Yes"
"2025/10/14 12:35:45 am GMT-6","Salman khan","5378289926","A) Daily","B) Checking traffic","B) Mostly accurate","B) Easy","A) Navigation","A) Very satisfied","A) Always","A) Mobile phone","B) Likely","A) Extremely helpful","A) Yes","B) Sometimes","A) Daily","B) Useful","B) Sometimes","B) Sometimes","B) Helpful","B) Sometimes","B) Sometimes","B) Mostly accurate","B) Navigation and Mapping","B) Google","B) Street views","A) 10","B) Location-based marketing","B) Timeline","B) Driving","B)  Terrain view","B)  A 360-degree photographic view from street level","A)  Smartphone","B)  Your starting point","B)  Changes the map color","B)  No","A)  Location sharing","A)  No internet","A)  Yes","A)  Driving","A)  Terrain","B) Mostly","A) Yes"
"2025/10/14 12:40:11 am GMT-6","Chetan","9561150915","A) Daily","B) Checking traffic","B) Mostly accurate","A) Very easy","D) Traffic updates","A) Very satisfied","C) Rarely","A) Mobile phone","D) Unlikely","A) Extremely helpful","A) Yes","A) Always","B) Sometimes","C) Neutral","A) Daily","D) Never","A) Very helpful","D) Never","B) Sometimes","C) Sometimes accurate","C) Social Networking","A) Microsoft","C) Real-time weather forecasting","C) 21","A) Fleet tracking","C) Street View","A) Walking","C)  Street view","B)  A 360-degree photographic view from street level","B)  Tablet","B)  Your starting point","C)  Activates Street View","C)  Only on Android","B)  Route planning","A)  No internet","D)  Only Google employees","C)  Public transport","C)  Traffic","A) Completely","C) Maybe"
"2025/10/14 12:41:07 am GMT-6","Vishal mali","8767974172","B) 2–3 times a week","A) Finding directions","A) Very accurate","C) Neutral","B)  Street View","D)  Dissatisfied","B) Sometimes","C) Computer/Laptop","C) Neutral","D) Not very helpful","B) No","B) Sometimes","C) Rarely","C) Neutral","B) Sometimes","B) Sometimes","","C) Rarely","C) Rarely","A) Very accurate","C) Social Networking","A) Microsoft","C) Real-time weather forecasting","D) 30","C) Customer mapping","C) Street View","A) Walking","B)  Terrain view","D)  A traffic report","","A)  Your destination","B)  Changes the map color","C)  Only on Android","D)  Finding nearby businesses","B)  Suggested alternate route","C) Only business owners","","C)  Traffic","D) Slightly","B) No"
"2025/10/14 12:43:08 am GMT-6","Dipak ","6382992764","B) 2–3 times a week","A) Finding directions","B) Mostly accurate","B) Easy","C) Satellite view","A) Very satisfied","A) Always","A) Mobile phone","B) Likely","B) Helpful","A) Yes","C) Rarely","B) Sometimes","B) Useful","A) Daily","C) Rarely","B) Helpful","A) Always","A) Always","C) Sometimes accurate","B) Navigation and Mapping","B) Google","B) Street views","B) 15","B) Location-based marketing","C) Street View","B) Driving","B)  Terrain view","B)  A 360-degree photographic view from street level","B)  Tablet","B)  Your starting point","A)  Shows traffic","B)  No","A)  Location sharing","B)  Suggested alternate route","A)  Yes","A)  Driving","A)  Terrain","B) Mostly","A) Yes"
"2025/10/14 12:46:00 am GMT-6","Bhagwan ","9850285407","A) Daily","B) Checking traffic","B) Mostly accurate","A) Very easy","B)  Street View","C) Neutral","B) Sometimes","A) Mobile phone","A) Very likely","B) Helpful","A) Yes","B) Sometimes","B) Sometimes","B) Useful","B) Sometimes","A) Always","B) Helpful","B) Sometimes","B) Sometimes","B) Mostly accurate","B) Navigation and Mapping","B) Google","C) Real-time weather forecasting","B) 15","B) Location-based marketing","C) Street View","B) Driving","A)  Satellite view","B)  A 360-degree photographic view from street level","B)  Tablet","B)  Your starting point","B)  Changes the map color","B)  No","A)  Location sharing","B)  Suggested alternate route","A)  Yes","B)  Walking","A)  Terrain","B) Mostly","A) Yes"
"2025/10/14 1:11:19 am GMT-6","Vulkesh","7219196788","B) 2–3 times a week","A) Finding directions","A) Very accurate","B) Easy","A) Navigation","A) Very satisfied","C) Rarely","B) Tablet","A) Very likely","B) Helpful","A) Yes","C) Rarely","B) Sometimes","A) Very useful","B) Sometimes","C) Rarely","B) Helpful","A) Always","B) Sometimes","C) Sometimes accurate","B) Navigation and Mapping","B) Google","B) Street views","B) 15","B) Location-based marketing","B) Timeline","B) Driving","B)  Terrain view","B)  A 360-degree photographic view from street level","B)  Tablet","A)  Your destination","A)  Shows traffic","A)  Yes","B)  Route planning","B)  Suggested alternate route","B)  No","B)  Walking","B)  Transit","B) Mostly","A) Yes"
"2025/10/14 1:12:56 am GMT-6","Parth ","3663829992","B) 2–3 times a week","C) Exploring places","B) Mostly accurate","B) Easy","A) Navigation","B) Satisfied","B) Sometimes","A) Mobile phone","B) Likely","A) Extremely helpful","A) Yes","B) Sometimes","A) Daily","A) Very useful","B) Sometimes","B) Sometimes","B) Helpful","B) Sometimes","B) Sometimes","B) Mostly accurate","B) Navigation and Mapping","B) Google","A) Satellite imagery","B) 15","B) Location-based marketing","B) Timeline","B) Driving","B)  Terrain view","B)  A 360-degree photographic view from street level","A)  Smartphone","A)  Your destination","B)  Changes the map color","A)  Yes","A)  Location sharing","B)  Suggested alternate route","A)  Yes","A)  Driving","B)  Transit","A) Completely","A) Yes"
"2025/10/14 1:14:43 am GMT-6","Harish","6399292761","A) Daily","A) Finding directions","B) Mostly accurate","A) Very easy","C) Satellite view","B) Satisfied","A) Always","A) Mobile phone","B) Likely","A) Extremely helpful","A) Yes","A) Always","C) Rarely","B) Useful","B) Sometimes","B) Sometimes","C) Neutral","A) Always","B) Sometimes","B) Mostly accurate","B) Navigation and Mapping","B) Google","B) Street views","A) 10","B) Location-based marketing","B) Timeline","B) Driving","B)  Terrain view","B)  A 360-degree photographic view from street level","A)  Smartphone","B)  Your starting point","B)  Changes the map color","A)  Yes","A)  Location sharing","B)  Suggested alternate route","A)  Yes","B)  Walking","A)  Terrain","B) Mostly","A) Yes"
"2025/10/14 1:20:04 am GMT-6","Sonali","9509262608","A) Daily","","","","","B) Satisfied","","","","","A) Yes","","","","B) Sometimes","","B) Helpful","","B) Sometimes","A) Very accurate","","","A) Satellite imagery","","","","","","","A)  Smartphone","","","A)  Yes","A)  Location sharing","","","A)  Driving","","",""
"2025/10/14 1:23:35 am GMT-6","Nitin jangle","5927185015","B) 2–3 times a week","C) Exploring places","A) Very accurate","D) Difficult","E ) Local business info","B) Satisfied","B) Sometimes","C) Computer/Laptop","B) Likely","B) Helpful","B) No","C) Rarely","C) Rarely","C) Neutral","D) Never","B) Sometimes","B) Helpful","C) Rarely","D) Never","A) Very accurate","B) Navigation and Mapping","B) Google","B) Street views","B) 15","A) Fleet tracking","A) Places Search","A) Walking","B)  Terrain view","B)  A 360-degree photographic view from street level","B)  Tablet","A)  Your destination","D)  Shows nearby restaurants","A)  Yes","A)  Location sharing","B)  Suggested alternate route","B)  No","B)  Walking","B)  Transit","C) Neutral","B) No"
"2025/10/14 1:23:36 am GMT-6","Priya","7743740872","C) Once a week","B) Checking traffic","B) Mostly accurate","C) Neutral","D) Traffic updates","D)  Dissatisfied","A) Always","B) Tablet","A) Very likely","C) Neutral","A) Yes","C) Rarely","A) Daily","A) Very useful","C) Rarely","B) Sometimes","B) Helpful","C) Rarely","A) Always","C) Sometimes accurate","C) Social Networking","B) Google","B) Street views","C) 21","B) Location-based marketing","B) Timeline","C) Flying","B)  Terrain view","C)  A satellite image of a street","C)  Computer","C)  Your current location","D)  Shows nearby restaurants","B)  No","C)  Sending emails","C)  Best route","A)  Yes","B)  Walking","C)  Traffic","A) Completely","B) No"
"2025/10/14 1:24:08 am GMT-6","Anjaliii","6389209262","A) Daily","A) Finding directions","A) Very accurate","A) Very easy","A) Navigation","A) Very satisfied","B) Sometimes","A) Mobile phone","A) Very likely","A) Extremely helpful","A) Yes","B) Sometimes","A) Daily","A) Very useful","B) Sometimes","A) Always","B) Helpful","A) Always","B) Sometimes","B) Mostly accurate","B) Navigation and Mapping","B) Google","B) Street views","B) 15","A) Fleet tracking","B) Timeline","B) Driving","B)  Terrain view","B)  A 360-degree photographic view from street level","A)  Smartphone","B)  Your starting point","B)  Changes the map color","A)  Yes","A)  Location sharing","B)  Suggested alternate route","A)  Yes","A)  Driving","C)  Traffic","B) Mostly","A) Yes"
"2025/10/14 6:05:56 am GMT-6","Yashasvi Bhangale ","9527894156","A) Daily","A) Finding directions","A) Very accurate","A) Very easy","A) Navigation","A) Very satisfied","B) Sometimes","A) Mobile phone","B) Likely","B) Helpful","A) Yes","B) Sometimes","A) Daily","A) Very useful","A) Daily","A) Always","A) Very helpful","A) Always","B) Sometimes","B) Mostly accurate","B) Navigation and Mapping","B) Google","B) Street views","B) 15","A) Fleet tracking","B) Timeline","B) Driving","A)  Satellite view","B)  A 360-degree photographic view from street level","A)  Smartphone","A)  Your destination","A)  Shows traffic","A)  Yes","A)  Location sharing","B)  Suggested alternate route","A)  Yes","B)  Walking","C)  Traffic","A) Completely","A) Yes"
"2025/10/14 6:08:14 am GMT-6","Nehal","9582461544","","","","","","","","","","","","","","","","","","","","","","","","","","","","","","","","","","","","A)  Yes","A)  Driving","C)  Traffic","B) Mostly",""